{
    "exp_name": "JumpStartIQL_dt=True",
    "mean_reward": 148.9215816440666,
    "std_reward": 191.47459700637896,
    "mean_success_rate": 0.74
}